{
    "PLATINUM": [
                 {
                 "code": "PLATINUM_BRACELET",
                 "earnedValue": "0",
                 "purchaseValue": "0",
                 "canBuy": "NO",
                 "isPrimary": "YES",
                 "category": "PLATINUM"
                 },
                 {
                 "code": "ROYAL_FLUSH",
                 "earnedValue": "20",
                 "purchaseValue": "200",
                 "canBuy": "YES",
                 "category": "PLATINUM"
                 },
                 {
                 "code": "STRAIGHT_FLUSH",
                 "earnedValue": "20",
                 "purchaseValue": "200",
                 "canBuy": "YES",
                 "category": "PLATINUM"
                 },
                 {
                 "code": "FOUR_OF_A_KIND",
                 "earnedValue": "20",
                 "purchaseValue": "200",
                 "canBuy": "YES",
                 "category": "PLATINUM"
                 },
                 {
                 "code": "BIG_POT_4",
                 "earnedValue": "20",
                 "purchaseValue": "200",
                 "canBuy": "YES",
                 "category": "PLATINUM"
                 },
                 {
                 "code": "HAND_STREAK_10",
                 "earnedValue": "20",
                 "purchaseValue": "200",
                 "canBuy": "YES",
                 "category": "PLATINUM"
                 },
                 {
                 "code": "LOGIN_STREAK_40",
                 "earnedValue": "20",
                 "purchaseValue": "200",
                 "canBuy": "YES",
                 "category": "PLATINUM"
                 },
                 {
                 "code": "CHATTER_BOX_30",
                 "earnedValue": "20",
                 "purchaseValue": "200",
                 "canBuy": "YES",
                 "category": "PLATINUM"
                 },
                 {
                 "code": "ALL_IN_5",
                 "earnedValue": "20",
                 "purchaseValue": "200",
                 "canBuy": "YES",
                 "category": "PLATINUM"
                 },
                 {
                 "code": "HAND_WIN_TOTAL_500",
                 "earnedValue": "20",
                 "purchaseValue": "200",
                 "canBuy": "YES",
                 "category": "PLATINUM"
                 },
                 {
                 "code": "BUDDIES_15",
                 "earnedValue": "20",
                 "purchaseValue": "200",
                 "canBuy": "YES",
                 "category": "PLATINUM"
                 },
                 {
                 "code": "KO_4",
                 "earnedValue": "20",
                 "purchaseValue": "200",
                 "canBuy": "YES",
                 "category": "PLATINUM"
                 },
                 {
                 "code": "GAME_WIN_TOTAL_100",
                 "earnedValue": "20",
                 "purchaseValue": "200",
                 "canBuy": "YES",
                 "category": "PLATINUM"
                 }
                 ],
    "GOLD": [
             {
             "code": "GOLD_BRACELET",
             "earnedValue": "0",
             "purchaseValue": "0",
             "canBuy": "NO",
             "isPrimary": "YES",
             "category": "GOLD"
             },
             {
             "code": "STRAIGHT",
             "earnedValue": "10",
             "purchaseValue": "100",
             "canBuy": "YES",
             "category": "GOLD"
             },
             {
             "code": "FLUSH",
             "earnedValue": "10",
             "purchaseValue": "100",
             "canBuy": "YES",
             "category": "GOLD"
             },
             {
             "code": "FULL_HOUSE",
             "earnedValue": "10",
             "purchaseValue": "100",
             "canBuy": "YES",
             "category": "GOLD"
             },
             {
             "code": "BIG_POT_3",
             "earnedValue": "10",
             "purchaseValue": "100",
             "canBuy": "YES",
             "category": "GOLD"
             },
             {
             "code": "HAND_STREAK_7",
             "earnedValue": "10",
             "purchaseValue": "100",
             "canBuy": "YES",
             "category": "GOLD"
             },
             {
             "code": "LOGIN_STREAK_20",
             "earnedValue": "10",
             "purchaseValue": "100",
             "canBuy": "YES",
             "category": "GOLD"
             },
             {
             "code": "CHATTER_BOX_20",
             "earnedValue": "75",
             "purchaseValue": "100",
             "canBuy": "YES",
             "category": "GOLD"
             },
             {
             "code": "ALL_IN_4",
             "earnedValue": "10",
             "purchaseValue": "100",
             "canBuy": "YES",
             "category": "GOLD"
             },
             {
             "code": "HAND_WIN_TOTAL_100",
             "earnedValue": "10",
             "purchaseValue": "100",
             "canBuy": "YES",
             "category": "GOLD"
             },
             {
             "code": "BUDDIES_10",
             "earnedValue": "10",
             "purchaseValue": "100",
             "canBuy": "YES",
             "category": "GOLD"
             },
             {
             "code": "KO_3",
             "earnedValue": "10",
             "purchaseValue": "100",
             "canBuy": "YES",
             "category": "GOLD"
             },
             {
             "code": "GAME_WIN_TOTAL_25",
             "earnedValue": "75",
             "purchaseValue": "100",
             "canBuy": "YES",
             "category": "GOLD"
             }
             ],
    "SILVER": [
               {
               "code": "SILVER_BRACELET",
               "earnedValue": "0",
               "purchaseValue": "0",
               "canBuy": "NO",
               "isPrimary": "YES",
               "category": "SILVER"
               },
               {
               "code": "TRIPS",
               "earnedValue": "5",
               "purchaseValue": "50",
               "canBuy": "YES",
               "category": "SILVER"
               },
               {
               "code": "TWO_PAIR",
               "earnedValue": "5",
               "purchaseValue": "50",
               "canBuy": "YES",
               "category": "SILVER"
               },
               {
               "code": "PAIR_ACES",
               "earnedValue": "5",
               "purchaseValue": "50",
               "canBuy": "YES",
               "category": "SILVER"
               },
               {
               "code": "BIG_POT_2",
               "earnedValue": "5",
               "purchaseValue": "50",
               "canBuy": "YES",
               "category": "SILVER"
               },
               {
               "code": "HAND_STREAK_5",
               "earnedValue": "5",
               "purchaseValue": "50",
               "canBuy": "YES",
               "category": "SILVER"
               },
               {
               "code": "LOGIN_STREAK_10",
               "earnedValue": "5",
               "purchaseValue": "50",
               "canBuy": "YES",
               "category": "SILVER"
               },
               {
               "code": "CHATTER_BOX_10",
               "earnedValue": "5",
               "purchaseValue": "50",
               "canBuy": "YES",
               "category": "SILVER"
               },
               {
               "code": "ALL_IN_3",
               "earnedValue": "5",
               "purchaseValue": "50",
               "canBuy": "YES",
               "category": "SILVER"
               },
               {
               "code": "HAND_WIN_TOTAL_25",
               "earnedValue": "5",
               "purchaseValue": "50",
               "canBuy": "YES",
               "category": "SILVER"
               },
               {
               "code": "BUDDIES_5",
               "earnedValue": "5",
               "purchaseValue": "50",
               "canBuy": "YES",
               "category": "SILVER"
               },
               {
               "code": "KO_2",
               "earnedValue": "5",
               "purchaseValue": "50",
               "canBuy": "YES",
               "category": "SILVER"
               },
               {
               "code": "GAME_WIN_TOTAL_5",
               "earnedValue": "5",
               "purchaseValue": "50",
               "canBuy": "YES",
               "category": "SILVER"
               }
               ],
    "BRONZE": [
               {
               "code": "BRONZE_BRACELET",
               "earnedValue": "0",
               "purchaseValue": "0",
               "canBuy": "NO",
               "isPrimary": "YES",
               "category": "BRONZE"
               },
               {
               "code": "PAIR_KINGS",
               "earnedValue": "3",
               "purchaseValue": "30",
               "canBuy": "YES",
               "category": "BRONZE"
               },
               {
               "code": "ACE_KING",
               "earnedValue": "3",
               "purchaseValue": "30",
               "canBuy": "YES",
               "category": "BRONZE"
               },
               {
               "code": "PAIR_QUEENS",
               "earnedValue": "3",
               "purchaseValue": "30",
               "canBuy": "YES",
               "category": "BRONZE"
               },
               {
               "code": "BIG_POT_1",
               "earnedValue": "3",
               "purchaseValue": "30",
               "canBuy": "YES",
               "category": "BRONZE"
               },
               {
               "code": "HAND_STREAK_3",
               "earnedValue": "3",
               "purchaseValue": "30",
               "canBuy": "YES",
               "category": "BRONZE"
               },
               {
               "code": "LOGIN_STREAK_3",
               "earnedValue": "3",
               "purchaseValue": "30",
               "canBuy": "YES",
               "category": "BRONZE"
               },
               {
               "code": "CHATTER_BOX_5",
               "earnedValue": "3",
               "purchaseValue": "30",
               "canBuy": "YES",
               "category": "BRONZE"
               },
               {
               "code": "ALL_IN_2",
               "earnedValue": "3",
               "purchaseValue": "30",
               "canBuy": "YES",
               "category": "BRONZE"
               },
               {
               "code": "HAND_WIN_TOTAL_5",
               "earnedValue": "3",
               "purchaseValue": "30",
               "canBuy": "YES",
               "category": "BRONZE"
               },
               {
               "code": "BUDDIES_3",
               "earnedValue": "3",
               "purchaseValue": "30",
               "canBuy": "YES",
               "category": "BRONZE"
               },
               {
               "code": "KO_1",
               "earnedValue": "3",
               "purchaseValue": "30",
               "canBuy": "YES",
               "category": "BRONZE"
               },
               {
               "code": "GAME_WIN_TOTAL_1",
               "earnedValue": "3",
               "purchaseValue": "30",
               "canBuy": "YES",
               "category": "BRONZE"
               }
               ],
    "BLACK": [
              {
              "code": "BLACK_BRACELET",
              "earnedValue": "0",
              "purchaseValue": "0",
              "canBuy": "NO",
              "isPrimary": "YES",
              "category": "BLACK"
              },
              {
              "code": "LOGIN_DAILY",
              "earnedValue": "1",
              "purchaseValue": "10",
              "canBuy": "YES",
              "category": "BLACK"
              },
              {
              "code": "HOST_GAME",
              "earnedValue": "1",
              "purchaseValue": "10",
              "canBuy": "YES",
              "category": "BLACK"
              },
              {
              "code": "TWEET",
              "earnedValue": "1",
              "purchaseValue": "10",
              "canBuy": "YES",
              "category": "BLACK"
              },
              {
              "code": "FACEBOOK",
              "earnedValue": "1",
              "purchaseValue": "10",
              "canBuy": "YES",
              "category": "BLACK"
              },
              {
              "code": "REGISTER",
              "earnedValue": "1",
              "purchaseValue": "10",
              "canBuy": "YES",
              "category": "BLACK"
              },
              {
              "code": "UPLOAD_AVATAR",
              "earnedValue": "1",
              "purchaseValue": "10",
              "canBuy": "YES",
              "category": "BLACK"
              },
              {
              "code": "FIRST_HAND_WIN",
              "earnedValue": "1",
              "purchaseValue": "10",
              "canBuy": "YES",
              "category": "BLACK"
              },{
              "code": "POCKETS",
              "earnedValue": "1",
              "purchaseValue": "10",
              "canBuy": "YES",
              "category": "BLACK"
              },
              {
              "code": "FIRST_GAME_WIN",
              "earnedValue": "1",
              "purchaseValue": "10",
              "canBuy": "YES",
              "category": "BLACK"
              },
              {
              "code": "VIEW_LEADERBOARD",
              "earnedValue": "1",
              "purchaseValue": "10",
              "canBuy": "YES",
              "category": "BLACK"
              }
              ],
    "INVENTORY": [
              {
              "code": "PLAYER_STATS",
              "purchaseValue": "10",
              "canBuy": "YES",
              "category": "INVENTORY"
              }
              ]
}